[
    {
        "title": "北欧表情NORHOR/N.U.新都市实木复古墨尔本布艺软包双人床1.8米K",
        "img":"//gw.alicdn.com/bao/uploaded/i3/TB11vFubKEJL1JjSZFGYXG6OXXa_M2.SS2_500x500q90.jpg_.webp",
        "money": 150,
        "number":" 1.2w",
        "evaluate":"93",
        "url":""
    },
    {
        "title": "包邮进口Chabatree无铅玻璃木柄酱汁杯蜂蜜牛奶零食碗迷你蘸酱碗",
        "img":"//gw.alicdn.com/bao/uploaded/i3/23739472/TB2amDXaBAOyuJjy0FlXXcaxFXa_!!23739472.jpg_500x500q90.jpg_.webp",
        "money": "4,894",
        "number": 12009,
        "evaluate":"96",
        "url":""
    },
    {
        "title": "特惠北欧表情/N.U.新都市实木家具墨尔本两抽床头柜角几边几多款T",
        "img":"//img.alicdn.com/imgextra/i4/906408620/O1CN0164vm8j2DY0gGZQuVg_!!906408620.jpg_640x640q80_.webp",
        "money": 200,
        "number": "1,208",
        "evaluate":"51",
        "url":""
    },
    {
        "title": "客厅沙发后置物架实木长条窄桌床头家用沙发边落地靠墙储物架简约",
        "img":"//img.alicdn.com/imgextra/i1/2883547872/O1CN011wAoiD281QOy7HLEj_!!2883547872.jpg_640x640q80_.webp",
        "money": 2999,
        "number": 120,
        "evaluate":"80",
        "url":""
    },
    {
        "title": "进口80支埃及长绒棉贡缎四件套 纯白绣花五星级床上用品包邮",
        "img":"//img.alicdn.com/imgextra/i2/2091511816/O1CN01NFpTNV1PHlqOwpdns_!!2091511816.jpg_2200x2200Q50s50.jpg_.webp",
        "money": 992,
        "number": 2008,
        "evaluate":"99",
        "url":""
    } ,
    {
        "title": "标题",
        "img":"图片",
        "money":"价格",
        "number": "已售卖数量",
        "evaluate":"好评率",
        "url":"链接"
    }
]

